arxiv_id,title,variant,keywords
2401.10155,A novel hybrid time-varying graph neural network for traffic flow forecasting,Слова без лемматизации,"varying, graphs, coupled, head, hybrid, nodes, mechanism, correlations"
2401.10155,A novel hybrid time-varying graph neural network for traffic flow forecasting,Леммы,"varying, coupled, head, hybrid, calculation, mechanism, self, association"
2401.10155,A novel hybrid time-varying graph neural network for traffic flow forecasting,Словосочетания,"time varying, traffic node, learning mechanism, graph learning, head self, dynamic temporal, spatial correlation, self attention mechanism"
2401.10155,A novel hybrid time-varying graph neural network for traffic flow forecasting,"Смешанный, min_df=2","time varying, traffic node, learning mechanism, graph learning, head self, dynamic temporal, coupled, spatial correlation"
2401.10155,A novel hybrid time-varying graph neural network for traffic flow forecasting,"Смешанный, min_df=3","time varying, traffic node, graph learning, head self, dynamic temporal, spatial correlation, coupled, self attention mechanism"
2001.02908,Spatial-Temporal Transformer Networks for Traffic Flow Forecasting,Слова без лемматизации,"directed, flows, jointly, transformer, range, composed, covariance, heads"
2001.02908,Spatial-Temporal Transformer Networks for Traffic Flow Forecasting,Леммы,"directed, jointly, range, transformer, composed, covariance, bidirectional, dynamical"
2001.02908,Spatial-Temporal Transformer Networks for Traffic Flow Forecasting,Словосочетания,"temporal transformer, transformer network, long range, spatial temporal dependency, long term traffic, spatial dependency, different factor, different spatial"
2001.02908,Spatial-Temporal Transformer Networks for Traffic Flow Forecasting,"Смешанный, min_df=2","temporal transformer, transformer network, long range, spatial temporal dependency, long term traffic, spatial dependency, directed, jointly"
2001.02908,Spatial-Temporal Transformer Networks for Traffic Flow Forecasting,"Смешанный, min_df=3","temporal transformer, transformer network, long range, spatial temporal dependency, long term traffic, spatial dependency, jointly, bidirectional"
2302.08658,Online Spatio-Temporal Correlation-Based Federated Learning for Traffic Flow Forecasting,Слова без лемматизации,"online, clients, federated, fl, fluctuation, correlation, employ, descent"
2302.08658,Online Spatio-Temporal Correlation-Based Federated Learning for Traffic Flow Forecasting,Леммы,"online, client, federated, fl, fluctuation, descent, exhibiting, inside"
2302.08658,Online Spatio-Temporal Correlation-Based Federated Learning for Traffic Flow Forecasting,Словосочетания,"federated learning, traffic fluctuation, spatio temporal correlation, aggregation mechanism, batch learning, central server, data sequence, gradient descent"
2302.08658,Online Spatio-Temporal Correlation-Based Federated Learning for Traffic Flow Forecasting,"Смешанный, min_df=2","federated learning, traffic fluctuation, spatio temporal correlation, aggregation mechanism, batch learning, central server, online, client"
2302.08658,Online Spatio-Temporal Correlation-Based Federated Learning for Traffic Flow Forecasting,"Смешанный, min_df=3","federated learning, spatio temporal correlation, forecasting traffic flow, traffic flow forecasting, dynamic change, graph attention network, online, client"
2101.11174,Graph Neural Network for Traffic Forecasting: A Survey,Слова без лемматизации,"survey, problems, resources, open, source, created, explores, passenger"
2101.11174,Graph Neural Network for Traffic Forecasting: A Survey,Леммы,"survey, open, problem, resource, source, created, explores, passenger"
2101.11174,Graph Neural Network for Traffic Forecasting: A Survey,Словосочетания,"traffic forecasting problem, open data, graph neural network, contextual information, convolution neural, demand forecasting, future research direction, various traffic forecasting"
2101.11174,Graph Neural Network for Traffic Forecasting: A Survey,"Смешанный, min_df=2","traffic forecasting problem, open data, graph neural network, contextual information, convolution neural, demand forecasting, survey, resource"
2101.11174,Graph Neural Network for Traffic Forecasting: A Survey,"Смешанный, min_df=3","traffic forecasting problem, graph neural network, research direction, ride hailing, various traffic, speed forecasting, survey, open"
